# GENERATED FILE - do not edit. Built by scripts/generate-art-reps.ts from api.scryfall.com, 2026-10-10.
#
# The printing that REPRESENTS each artwork under `unique=art`. set code <TAB> the collector
# numbers of the set's rows that represent one: `first..last` a run of whole numbers, `number@lang`
# a row that is not English. A set named here is answered by this table alone for every
# printing released by the `@written` day; a later printing, and a set that is not named, fall
# back to the debut rule. See art_reps.rs.
# 54746 artworks over 1058 sets.
@written	2026-10-10
10e	2 4 11..12 21..24 26..27 30 32 35..36 40 48..49 57 59 64..65 74 80 83 86 88 95 98 101 103 106 112 118 130 135 137..138 140..141 152 154 163 181..182 185..188 192 194 197 199..200 211..213 218 229 231..232 236 239 241..242 244 247 256 264..266 271 275 277 283 287..288 290 297 301 306 309 315 317 323..325 330 341 351..353 358 361 366 370 374 378
2ed	
2x2	15 65 70 79 81 98 107 130 147 160 200 306 321 332..412 459 470 578..579
2xm	10 21 40 72 100 113 139 175 200 333 335..372 383..384
30a	
3ed	284 306
40k	1 3..168 171 181..317
4bb	
4ed	59 357 369 134†@de
5dn	1..35 37..165
5ed	5..6 9 13..15 17..22 24 29 31 33..34 40 42 50..53 55..56 59..61 63 65 67 71..75 77 80 82 86 88 90..92 99 104 107..108 115..121 126 128 131 133 135 139 141..144 148..150 153 156..160 162..165 167..168 173 179 183 185..187 189 191..192 201 205..208 215..217 223..224 230 232..236 239 241..243 246 250..251 253..254 260..261 265..266 268..275 278..279 285 291 293..294 296..302 304..306 310 312 316 318 323 325 328 332 338..339 342 344 346 348 354..355 357..361 363..365 373 378..381 383 386 395 398..401 403..404 407 409..427 429..430 434..442 445 448..449
6ed	165 207 220 334 345
7ed	1..67 69..195 197..231 233..247 249..310 312..328 331..333 335..338 340..342 344..350 157s@zhs 161s@zhs 289s@zhs
8ed	4 26 29 34 43 47 50 54 72..75 78 80 86..87 91..92 97 111 115..116 133 137 152 159 162 168..169 172 175 182 184 192 194 202..203 208 210 216 224 232 235 239 241 243 250 253 257..259 267 270 272 301..302 309 312..313 319 324 328..330 335 346..347 121s@zht 129s@zht
9ed	8 10..11 15 18 22 32 43 47 58 62 64..67 70 74 77 82 84..85 89 92 97..99 102 113..114 121 123 135 137 140..141 144 169..170 172 189 193 198..199 206 215 222 224 232..234 236 239 243 245 251..253 258 262 269 275 281 285 292 297 299..301 307 321 327 343..344 348
a25	4 22 29 31 33..34 38 41 43 55 57 60 72 78 86 88 90 94 105 112..113 116 120 131 133 136 144 147 150 152 162 167 171 175 218 223..224 233
aa1	
aa2	
aa3	
aa4	
aacr	1..20
aafr	1..81
ablb	1..54
abro	1..81
aclb	1..81
acmm	1..81
acr	2 4 7..10 12..13 15..16 19..23 27..28 31..32 36 38..39 42..43 45..49 51 53..57 59 61..66 68..70 72..79 81 83..86 89..94 96..97 99..107 109..118 120 122..136 138..143 145..147 149..154 157 161..162 166..167 172 174..176 179 186 190..191 202..203 206 210..211 214 216..218 220..221 224 231 233 241 250..251 255 266 268 270..271 274..301 305..307 120z 272@grc 273@grc
adft	1..54
admu	1..81
adsk	1..54
aecl	1..54
aeoe	1..54
aer	1..47 49..194
afc	1..21 23..62 127 161 164 203 217 222 232 250 255 259 261 264 291
afdn	1..54
afic	1..24
afin	1..53
afr	1..3 5..7 9..17 19..59 61..85 87..120 122..123 125..142 144..146 148..156 158..175 177..189 191..228 230..245 247..360 362 367 371 376..379 381 383 385 388 394 396..397
ainr	1..25
ajmp	
akh	1..23 25..279
akhm	1..81
akr	4 16 33 65 99 138 186 196 262 278 285
ala	1..159 161..171 173..231 233..236 238..239 241..242 244..246 248..250
alci	1..81
all	3..6 8 14 16..20 25..26 28 31..32 35 37..40 42..43 45..48 52..54 56 59 62 65 68..70 75..80 83 85 87 89 91 95..99 101 105..115 117 119..126 128..131 134..144 100a 100b 102a 102b 103a 103b 104b 10a 10b 116b 118a 118b 11a 11b 127b 12a 12b 132a 132b 133a 133b 13a 13b 15a 15b 1a 1b 21a 21b 22a 22b 23a 23b 24b 27a 27b 29a 29b 2a 30a 33a 33b 34a 34b 36a 36b 41a 41b 44a 49a 50b 51a 51b 55a 55b 57a 57b 58a 58b 60a 60b 61a 61b 63b 64a 64b 66a 66b 67a 67b 71a 71b 72a 72b 73a 73b 74a 74b 7a 7b 81a 81b 82a 82b 84a 84b 86a 86b 88a 88b 90a 90b 92a 92b 93a 93b 94a 94b 9a
altc	1..24
altr	1..81
amh1	1..54
amh2	1..81 37s
amh3	1..54
amid	1..81
amkm	1..54
amom	1..81
amsh	1..45 10b 11b 12b 1b 1c 2b 2c 3b 3c 4b 4c 5b 5c 6b 6c 7b 7c 8b 8c 9b 9c
ana	37
anb	9 46 52 74 87 90
aneo	1..81
aone	1..81
aotj	1..54
apc	1..48 50..99 101..143
arb	1..122 124..145
arc	22 32 65 79 108 116 140..141 144 146
arn	1..6 9..10 12..24 26 28..32 34..42 44..51 53..76 78 11† 25† 27† 33† 43† 52† 7† 8†
asnc	1..81
asos	1..54
aspm	1..54
astx	1..81 20s 22s 24s 26s 28s 34s 36s 39s 44s 51s 52s 53s 54s 55s 56s 60s
atdm	1..54
ath	82
atla	1..54
atle	1..12
atmt	1..54
atq	1..79 81 80a 80b 80c 80d 82a 82b 82c 83a 83d 84d 85c
avow	1..81
avr	2..229 231 234..236 238..242
awoe	1..81
aznr	1..81
bbd	1..85 104 134 141 147 195 214 250..256
bchr	
bfz	1..25 27..47 49..56 58..91 93..143 145..185 187..197 199 201 203 205..215 217..220 222..249 251..252 254..256 260 262 265..266 269 271 274 250a 257a 259a 261a 264a 268a 270a 272a
big	1 3 5..6 8..10 12..13 15 18..19 21..22 24..26 29..53 55..59 63 65 67 69 72 76 79 81..82 85 88 92..93
blb	1..11 13..138 140..170 172..210 212..342 344..356 361..362 365 369..380 386
blc	1..40 73..131 133 216..217 345 356
bng	1..165
bok	1..104 106..121 123..165
bot	1..29
brb	101..102 104 108 114 116 119 121 123..126 134
brc	3..7 9..20 22 24..26 28..36 39..41 43 55 80 108 131 170 172 187 198 211
bro	1..58 60..61 63..87 89..127 129..138 140..145 147..150 152..153 155..169 172..186 188..204 206..214 216..261 263..267 276..287 290 293..300 316..317 335 338 340..341 344 352 356 370 373..374 376..379 382..384 163b 238b 256b
brr	64..126
btd	29 35 54 70 81..83 85 89
c13	1 4 8..9 18 20 24..25 28 35..36 40..41 47 52..55 57 60 62..63 66 70..71 77..80 84 86..87 89..91 95..96 101 105 108 111 122 124..126 131 133 137 140 157..158 162 166..167 171 174 181 186..188 191 194 197..198 201 203..204 206..208 210 213 220 237 240 243 257..258 262 267 285 310 355
c14	1..61 86 108 217 222..223 234..235 237 240 243 248 252 260 265..266 269 283 322
c15	1..56 247 262 321 331 339
c16	1..56 79 82 84 96 104 107 167 178 226 256 268 291 303 330 338..344 346 349..351
c17	1..56 97 100 108 110 114 141 176 194 237 240 294..295 303 305..306
c18	1..59 97
c19	1..59 65 69 72 81 86..87 90 101 104 123 129 154 162 219 222
c20	1..71 155 173 241
c21	1..58 60..81 86 182 386
cc1	1..8
cc2	1..9
ced	300
cei	295..296 298
chk	1..159 161..167 169..184 186..238 240..266 268..287 289..290 294 298..299 301 303..306 160a 160b
chr	114a 115b 115c 115d 116d
clb	1..14 19..33 36..61 63..67 69..71 73..102 104..108 110..121 123 126..131 133..141 146..151 153..171 173..178 180 182..185 187..199 201..203 205..216 218..229 231..239 243 245..257 259..260 262 264..266 269..272 274 276..280 283..288 290..291 293..298 301..338 340..343 345..354 356..359 361..470 472..474 478 485 491 494 496..498 505 507 511 515 519 522 526..527 532..533 539..540 546 549 561 569 573 575 577 581 584 587 590..591 593 602 605 646..685 756 771 803 840 935..936
clu	1..51 139 274..283
cm1	2..3 7 13 17
cm2	
cma	320
cmb1	1..121
cmb2	52 84
cmd	4 7 10 12 19 32 36 46 51 59 63 65 68 79 97..99 103 107 111 114 118 123 128..129 136 138 147 159 161 170 175 178 181 184 191 196 200 206..207 210 213 216 220..221 227 229 234 240..241 244 255 269 277 300 304 311
cmm	34 56 62 77 110 155..157 165 257 287 298 319 321 325 399 422 465 558 622..667 671..680 682..703 706 708..721 723..736 739..743 755 767..768 779..780 782 805 815 818 823 835 845 849 863 870..871 873 881..883 896 900..901 914 923 1057..1059 1064 1067
cmr	1..2 4 8..10 13 16 26..29 31 38 42 45 47 52 55 58..60 63 66..69 71..72 74 77..79 81..82 89..91 95 99 104 107..108 111 114 118 120 122 124 126..127 131 133 135..138 141 143..147 149 152..153 155 159..161 163 165 168 170..172 175..177 179..180 185..186 188..189 192..193 201 204 208..209 211 214 216..217 219..220 227 230..232 237..239 242 245..246 250 260..261 265..272 274 276..278 280 288..291 293..294 300 315 317 319 322 326 331 344 351 354 356 358..360 362..367 512..513 553 575 580 584 593 595 599 601..607 612 615 617 622 626 647 662 666 668 677 683 692 716 721..722
cn2	1..80 140 144 178 196 222
cns	1..65 73 80 82 85 92 102 111 133 143 162 164 167 171 174 180 185 194 202
con	1..120 122..145
cp1	1..6
cp2	1..6
cp3	1..6
csp	1..98 100..155
cst	376 380..382 30b 44b 9b
dbl	1..170 172..198 200..529 531..535
dci	2..3 5..8 10..12 14..15 17..22 24..37 41..47 50..68 71..80
dd1	1 32 42 61
dd2	1 24 26 34 51 1★@ja 34★@ja
ddc	1 12 20 30 36 46 49
ddd	1 7 21 32 53 55
dde	1 17 29 33..34 36 44 58 69
ddf	1 13 22 27 37 39 63 68 73
ddg	1 8 31 40 47 66 70 78
ddh	1 23 28 38 42 59 65 79
ddi	1 23..24 44..45 51 59
ddj	1 3 11 13 17 21 27 30 32 45 48 52 56 66 71..72 77
ddk	1 25..26 32 39 41 66 69 79
ddl	1 4 11 23 28 30 32 42..44 47 64 66 69..70
ddm	1 15 26 33 39 42 51 68 82
ddn	1 3 8 13 24 34 39 42 46 58 72..73
ddo	1 7 20 25 30 34..35 45 59 61 64
ddp	1 9 20..21 27 41 49 51 64 70 74
ddq	1 8 15 21 28 35 40..42 55 64 70 73 76
ddr	1 7 25 36 38 47 76
dds	1 10 13..14 34 41 56 59
ddt	1..2 19 27 32 39 44 54
ddu	1 3 5 35 63 72
dft	1..56 58..99 101..137 139..211 213..223 225..376 381 384 391 397..406 419..420 422..426 512..516
dgm	1..145 148..149 151..152
dis	1..106 108..136 138..139 142..144 146..180
dka	1..158
dkm	45 31a
dmc	1..41 44..48 64..65 107 165 197 222
dmr	5 10 26 30 32 48 50 53..54 59 63 67 69 87 89 93 96 104 118 122 124 127..128 132..133 138 148..149 159..160 164 169..172 174 180 183 185 187..188 191 196 198 200 205 216..217 222 227 229 234 236 239 242 412..456
dmu	1..15 17..23 25..31 33..35 37 39..41 43..66 68..74 76..90 92 94..109 111..116 118..134 136..142 144..166 168..169 171..185 187..258 260..288 290..298 301..302 304..305 308 310..314 316 318 320 327 330 340..341 344 347..348 350 356 358 360 362..367 372..382 385 387..390 392 396 398 401..402 404..405 407 410 414 416 420 422 428..429 435 370@ph
dom	1..59 61..80 82..203 205..280
dpa	11 49 95
drb	4 7..8 10 12..15
drc	1..20 37..61
drk	1..119
dsc	1..10 13..37 39..40 42..43 65 68..84 86..96 260 328..373
dsk	1..22 24..120 122..132 134..367 370 378 386..395 406..410 412 416..417
dst	1..111 113..165
dtk	1..92 94..95 97..213 215..264
dvd	26..27 31
e01	10 27 31 42 68 85 97..106
e02	8 10 27 34 41 45..46 T1
ea1	
ea2	
ea3	
ecc	1..24 45..63
ecl	1..68 70..352 382..391 403 407..408
eld	1..8 10..99 101..123 125..185 187..234 236..333 336 355 360 377 385 392
ema	5 9 14 26 42..44 46 49 52..53 55 60 62 64..65 67 74 78 83 87 90 97 104..106 112 122 130 132..133 139 141..142 145 151 157 164 179 183..184 190..192 197 203..204 211 216 218..219 221..222 232..234 236 248
emn	1..46 48..160 162..205 130b 15b 96b
eoc	1..24 45..62 170
eoe	1..45 47..150 152..162 164..171 173..316 337..338 340 357..364 382 391..392 394 398..399
eos	1..28 30..35 37..40 42..70 72..80 82..90 119 126 131 161 171
eve	1..138 140..180
evg	29 31 39
exo	1..88 90..143
exp	1..45
f01	
f02	
f03	12..13
f04	
f05	
f06	
f07	
f08	1..12
f09	1..12
f10	1..12
f11	1..4 6..12
f12	1..12 1a
f13	1..12
f14	1..12
f15	1..12
f16	1..12
f17	1..12
f18	1..3
fbb	
fbro	
fca	1..64
fclu	
fdc	4..8 142 240
fdmu	
fdn	1..91 93..126 128..133 135 141 202 204 221 282..303 305..309 311 313..330 332..343 345..361 372 378..379 393 405 422..431 467 484 656 669 673 677 709 718 728..729
fem	2 4..6 9 11..12 14..15 17 20..21 24..26 28..29 32 35..37 43..48 50..52 55 57 59..60 63..64 66 69..70 73 75..79 81..102 10a 10b 10c 13a 13b 13c 13d 16a 16b 16c 18a 18b 18c 19a 19b 19c 19d 1a 1b 1c 1d 22a 22b 22c 23a 23b 23c 23d 27a 27b 27c 30a 30b 30c 31a 31b 31c 31d 33a 33b 33c 33d 34a 34b 34c 34d 38a 38b 38c 38d 39a 39b 39c 3a 3b 3c 40a 40b 40c 41a 41b 41c 42a 42b 42c 49b 49c 49d 53a 53b 53c 54a 54b 54c 56a 56b 56c 58a 58b 58c 58d 61a 61b 61c 62a 62b 62c 62d 65a 65b 65c 65d 67a 67b 67c 68a 68b 68c 71a 71b 71c 72a 72b 72c 74a 74b 74c 74d 7a 7b 7c 7d 80a 80b 80c 80d 8a 8b 8c
ffdn	1..2
fic	2..5 7 9..100 194..206 208 215 217..220 225 227..486
fin	1..2 4..28 30..91 93..233 235..245 247..420 422 426 431 452 462 499 512 516 552..553 556..557 559 562..571 577..578 583 381b 551@ja 551b 551c 551d 551f 99b
fj22	
fj25	
fjmp	
fltr	10
fmom	
fmsc	
fnm	
fone	
fra	1..46 48..131 133..322 324..329 331..412 426 432 437..448 451 458
frc	1..23
frf	1..61 63..74 76..137 139..148 150..154 156 158..164 167 171 173..174 176..185
ftla	7
ftmc	
fut	1..121 123..180
g00	
g01	
g02	
g03	
g04	2
g05	
g06	1..4
g07	1..2 4..5
g08	1..5
g09	1..5
g10	1 4..5 7..8
g11	1 3 5
g17	
g18	GP1 GP2 GP3 GP4 GP5
g99	
gdy	1..9
gk1	1 24..26 48..50 75..77 100 102 126..127
gk2	1 26 28 52 80 107
gn2	1..5
gn3	1..5
gnt	1..5
gpt	1..105 107..136 138..143 145..149 151..154 156..165
grn	1..173 175..213 215..232 234..273
gs1	1..40 T1
gtc	1..2 4..249
gvl	
h09	38 41
h17	1..4
h1r	
h2r	
ha1	
ha2	
ha3	
ha4	
ha5	
ha6	
ha7	
hbg	1 17 20 22..23 25 27 29 31..37 40..48 50..52 54 56..60 62..63 65..68 70..71 10b 10g 10r 10u 10w 11b 11g 11r 11u 11w 12b 12g 12u 12w 13b 13g 13r 13u 13w 14b 14g 14r 14u 14w 15b 15g 15r 15u 15w 16b 16g 16r 16u 16w 17b 17g 17r 17u 17w 18b 18g 18r 18u 18w 19b 19g 19r 19u 19w 1b 1g 1r 1u 1w 2b 2g 2r 2u 2w 3b 3g 3r 3u 3w 4b 4g 4r 4u 4w 5b 5g 5r 5u 5w 6b 6g 6r 6u 6w 7b 7g 7r 7u 7w 8b 8g 8r 8u 8w 9b 9g 9r 9u 9w
hho	6..25 21★
hml	1 4..9 11..12 14..18 20..24 26 28..29 31 33..35 37..43 45 48..56 58 60 62 64..65 68..71 73..83 85..86 89..96 98 100..115 10a 10b 13a 13b 19a 19b 25a 25b 27a 27b 2a 2b 30a 30b 32a 32b 36b 3b 44a 44b 46a 46b 47a 47b 57a 57b 59a 59b 61a 61b 63a 63b 66a 66b 67b 72a 72b 84a 84b 87a 87b 88b 97a 97b 99a 99b
hob	1..81 83..136 138..229 231..238 240..241 243..245 247..249 266 275 278 282 298 310 313..316 321
hoc	1..52 98..106 93@dw 94@dw 95@dw 96@dw 97@dw
hop	3 16 31 62 68 148 155 165
hou	1..209
ice	1..373 375 377 379 381 383
iko	1..20 22..69 71..140 142..224 226..313 316 320 326 354 364 370..384 275y 385@ja 386@ja 387@ja
ima	9..10 31 39 42 46 48 63 65 81 95 129 131 144 172 181 193 202 205 216 218 223 227 240
inr	23 30 35 59 125 164 202 239 244 249 256 268 298..328 386 481..491
inv	1..333 335 337..338 341..345 348..350 134★
isd	1..22 24..104 106..250 252..254 256..257 259..264
itp	54
j12	4..6 9
j13	1..2 7..9
j14	2 4..5 1★ 2★ 3★ 4★ 5★
j15	1 3 8
j16	3 7..8
j17	1 3 5 8..9
j18	1..2 7
j19	2 5 7
j20	1..8 10
j21	1..31
j22	1..97 113..137 835
j25	1..80 96..137 139 141..145 148..153 155 231
jgp	2..3
jmp	1..57 59..78 328 464 58@ph
jou	1..165
jp1	
jtla	33
jud	1..10 12..143
jvc	50
khc	1..16 26 31 70 75 78 85
khm	1..11 13..26 28..78 80 82..138 140..155 157..166 168..176 178..198 200..213 215..332 335 340 348..349 358 361 363..364 367 374..400 406 333@ph
kld	1..199 201..274
klr	264 269
ktk	1..11 14..17 19..42 44..57 59..65 67..72 74..107 109..115 117..143 145..153 155..163 165..167 169..173 175..178 180..181 183..192 194..208 211..231 233..235 238..246 248..269 106y 115y 16y 192y 193y 198y 199y 201y 203y 211y 218y 236y 45y 71y 72y 73y 81y 84y 86y 89y 92y 95y 97y
l12	1..2
l13	1..4
l14	1..4
l15	1
l16	5
l17	1
lcc	2 5..20 43 46 49..50 53..55 67 69..74 76..77 79..80 83..84 88..98 100..121 123..124 129 136 142 156 164 169 173 181 184..185 234..235 238 241..242 260 287 309 317 321 324 356
lci	1..19 21..46 48..55 57..77 79..101 103..121 123..126 128..152 154..180 182..192 194..195 197..224 226..255 257..264 266 268..352 355 360 363 370 372 375 379 381..382 384 387 390..391 393..406 410a 410b 410c 410d 410e 410f
lea	1..17 19..45 47..86 88..286 288 290 292 295
leb	10 287
leg	1..298 300..310
lgn	1..85 87..112 114..125 127..145
lmar	1..8
lrw	1..122 124..138 140..172 174..202 204..219 221..245 248..298 300..301
ltc	1..8 11 13..14 16..17 19 21 25 29 32..33 35..40 42..44 46 49 51..52 55..58 61..62 64..67 69..70 72..78 80 93..94 96 99 101 103 105..107 109..111 113..114 117 124 128 130..131 133 136..137 141..142 145 149 151 159 161..376 407 491..534 408@qya 409@qya 410@qya
ltr	1 3..210 212..229 231..240 242..288 291 295..296 299..346 378 388..392 395 397..451 731..750 780 785 824..828 0@qya
m10	2..6 8..9 11..14 16..19 21 23..24 26 28 30..33 35 37..41 43 46..52 54 56..57 59..63 68..73 75..76 80..83 85 87..90 92..95 98..99 101 109 111..114 117..120 122..126 128..129 131 135 138..139 142..144 146 148 150 154 158..159 161 164..167 169..172 174..176 179 181 186 188 190..191 193..194 196..197 199..200 202..205 211 214..216 221 223..228 231 233..234 237 239..240 243..244 248..249
m11	2..4 6 10 19 21..22 25 28 33 35..38 41..42 44..45 47 51..52 55..56 59..64 66 69..72 74..75 80 82 84 87 90 92 97 101 103..104 107..111 115 118 120 122..123 125 129..131 133..135 137 144..146 148 151 153 155..158 160 162 164 166 168..169 172 174 176..177 180..183 185 188..189 191..192 196 198..200 202..203 206..209 214..217 220 226 231 235 237..238 243 246..247
m12	1..3 5 7 10 14 17..20 22 29..31 35..37 40 43..45 48 53..54 58..59 62 64 68 70..72 75..76 78 80 82..83 85 89 91 94 96..97 100 102..103 106 108 110..111 113..116 118 122..124 126..127 129 135 137 139..140 144 153 156..160 162..163 168 170..171 173..174 176 178 180..181 184 189 195 197..199 201 203..204 207 209..210 212 214..219 221 224 230 232..233 235 237..238 242 244 247 249
m13	1..2 5 7 9..10 13..14 16..17 19 21 23 27 29 34 36..38 40..44 46 48..49 51..52 54 57 59 61 63 68 71..74 77..78 81..82 84..85 87..88 91..92 95..99 101..103 105 108 114..115 117..118 120 125..128 130..132 135 138..140 142 144 146..150 154 157..158 161..162 167 171 173 176..177 180 182 186 188..190 192..194 197..198 201..203 205 210..218 220..221 226 231..232 235 238..239 241 248
m14	2..3 5 7..9 11..13 15..16 18 21..22 24 26 30..31 37..40 48 50 54 57..59 61 63 66 70 72..73 76 79 81..83 85..88 90 93..94 98..101 103..104 107..108 111 114..115 117..120 124 126..130 132 135 137 140..141 144..148 150..152 157..158 163..164 169..170 172 177 179..185 187 189..190 193..194 196 198 200 202..203 205 211..214 216 218..224 226..227 231 233 236..237 239 241 243 245 248..249
m15	1 3 5 7..9 11..15 17 19 23..24 26 28..30 32 34 36..38 40 42 44..50 54..55 57 62 64..69 72..73 75..79 82 87..89 91 93..98 100..102 107..113 115 117 119..124 126..133 138 143..145 147 150..153 156..158 160 162..164 170 172 174 177 180..184 186..188 190..191 194 199 201..202 204..205 207 209..213 215 219..222 224 226..231 238..239 245 247 250 255 263
m19	1..4 6..14 17..19 21..24 30 33..43 45..46 49 53 55..57 60..63 66..71 73 76..77 79 82..83 85..88 91 95..97 99..100 102 104..107 111..112 114..115 118 120..125 128..129 132 134..137 140 142..144 146..149 151 153..155 157 159..160 163 166 168 170 173 175..176 178..179 181 185..187 189 194 198..200 202..203 206..209 211..215 217..228 230..232 235 237 240..241 244..247 249 271 280..287 289..294 296..299 301..306
m20	1..4 6..11 13..15 17 22..23 26..27 32 36 38..40 42..43 46 49..54 56 59 63..65 67..68 70..71 74 76..77 80..81 83..84 87..91 93..94 96 98 102 104..107 110..111 113..115 117 119..123 125..129 131..134 136 140..142 144..145 147..148 150..154 156 158..159 162 164..167 169 171..172 175..179 185 187 191 193..196 198..200 202 204..205 207..220 223..226 229..230 233..234 236..237 244 247 249 253..257 281..301 307 311 315..316 321..322 328 333 342 344
m21	2..5 7..11 14 18 20 22..23 25 27..30 33..42 44..45 48..50 52 54..58 60 62 65..81 84 87..93 95 97 99..101 103..104 106 108..113 116..122 125..127 129 131..133 139 142..143 146 148..154 157 160 162 164 166..167 170 172 174..175 178..180 182..187 189..191 193..194 196..197 201..203 206 208 211..220 222..229 231..232 240 242 275..276 278..284 293 301..304 309..339 392
m3c	2..5 8..11 13..16 19..20 26 29 32..39 42..43 46..47 50..51 53 57 59..60 62..63 69..74 77..78 92..93 96..97 100..101 104 106..108 110 113 116..120 127..128 131..135 139 168 171 182 204 225 236 247 320 339 343
macr	
mafr	
mar	1..100
mat	5 7 9 14..15 17 19 21..23 26 28..29 33..34 38..39 48..50 55..57 63 66 69..74 76..78 82..83 91..94 97 99..101 103..104 108 112..113 120 125 127 130..131 140 142 147 151 154 156..157 159..160 164 167 170..172 176 178..181 186..189 192..196 198..199 201..202 205 209..211 213..219 224..225 227 229..230
mb2	143 170 181 183..184 197 208 237 239 501..621
mbc	1..42 44..52 54..60
mbro	
mbs	1..42 44..150 152..155
mclb	
md1	
mdc	399
mdd	28 92 106..107 161 242 288 292 294 296 298 301
mdmu	
me1	70 162 183
me2	6 12 119
me3	7 28..29 66 224 227
me4	176 252 259c
med	GR1 GR2 GR3 GR4 GR5 GR6 GR7 GR8 RA1 RA2 RA3 RA4 RA5 RA6 RA7 RA8 WS1 WS2 WS3 WS4 WS5 WS6 WS7 WS8
mgb	1..10
mh1	1..11 13..27 29..37 39..47 49 51..52 54 56..63 65..83 85..86 88..112 114..121 123..138 140..143 145..150 152..168 170..173 176..179 181 183..189 191..196 198..205 207..217 219..238 240..241 243..254
mh2	1..22 24..25 27..34 36..65 67..91 94 96..101 103..107 109..114 116..128 130..152 154..161 163..170 172..199 201..204 206..214 216..217 219..235 237 239 241 243 245..247 249 251..253 255..259 261 266 271 275..278 284 295 297 300 304..380 385 392 398..399 402..404 421 424 433..434 442 445 458 460..462 465 468 472..473 491..492
mh3	1..5 7..19 21..32 34..37 39..58 60..79 81..99 101..108 110..141 143..148 150 152..159 161 163..193 195..196 198..215 217..261 266 303..384 392 394 405 410 421 423..424 426..427 435 443..444 446..447 450 468 471 480 486 489 492..493 495..496
mic	1 3..38 40 79
mid	1..14 16..32 35..39 41..43 45..56 58..61 63..68 70..78 80..124 126..128 130..141 143..153 155..158 160..163 165..175 177..201 203..208 210..212 214 216..226 228..240 242..263 265..326 330..331 335 337..338 351 355 358 367..369 373 375 379..386 388 390 57†
mir	1..339 341..342 346..350
mkc	1..48 58 104 131 143 148 162..163
mkhm	
mkm	1..26 28..47 49..86 88..150 152..250 252..340 342..348 350..371 373..376 379 381 388 390 393 395 400 408 422 428..432 146† 190† 213† 239† 36† 72† 73† 79† 7† 82†
mltr	
mm2	14 67 183 186 209 230
mm3	19 25 27 33 49..50 59 82 90 96 100 103 105 130 149 167 194 215 219 230 232 236 241..242 246 248
mma	19 34 58 74..75 77 108 112 116 138 141 158 166..168 170 185 191 198 204 216..218 220..221
mmh2	
mmid	
mmq	1..88 90..200 202..224 226..345 347..350
mneo	
moc	1..79 188 219..220 271 287 411 445..450
mom	1..15 17..28 30..31 33..85 87..134 136..161 163..195 197 199..219 221..262 264..333 335..336 338..342 345 348 355 363 372 374 379..384 386..387
mone	
mor	1..114 116..147 149..150
mp2	1..54
mpr	2..8
mps	1..54
mrd	1..145 147..289 291 293..306
msc	1..147 149..159 161..166 168..172 174..185 187..272 274..290 501..512 517 520 522..523 525 528..540 543..544 547 549 554..555 557..576 578..767 787..788 793..796 802..803 806 812 814..815 827..841 843..855 857
msh	1..15 17..125 127..210 212..231 233..249 251..260 262..401 419 425 428 431..432 453
msnc	
mstx	
mul	2..4 6..12 14..17 19..21 23..26 28..33 35..37 40..54 56 59..65 106 131 135 143 148 152 157 164 168..169 185 187..188
mvow	
mznr	
nau	
ncc	1 3..5 8 10..11 13 15 17 19 23..25 28 30..31 35..41 43..48 50..54 59..62 64 69..70 73..75 78 80 84 89..91 94..96 101..102 105 108 110..111 113 115 117 119..123 127..128 130 133..135 143 149 155..158 163 165..168 171..172 176..177 179 181..183 185 317 326 328 381 406
nec	3..31 36..38 46 52 55..56 77..78 118 120 128 171 177
nem	1..143
neo	1..12 14..20 22..27 29..33 35..58 60..88 90..101 103..122 124..146 148..152 154..192 194..196 198..207 209..212 214..216 218..235 238..277 279..292 303..306 309..329 331..416 425 429..432 436..437 441..442 453 456 461 467..468 474 476 481 483..484 495 502 505..507 511 513 293@ja 294@ja 295@ja 296@ja 297@ja 298@ja 299@ja 300@ja 301@ja 302@ja 307@ph
nph	1..150 152..158 160..167 169 171..175
o90p	
oafc	
oafr	
oana	1 3..4 10..12 19 23 43 46 48
oarc	10★ 11★ 12★ 13★ 14★ 15★ 16★ 17★ 18★ 19★ 1★ 20★ 21★ 22★ 23★ 24★ 25★ 26★ 27★ 28★ 29★ 2★ 30★ 31★ 32★ 33★ 34★ 35★ 36★ 37★ 38★ 39★ 3★ 40★ 41★ 42★ 43★ 44★ 45★ 4★ 5★ 6★ 7★ 8★ 9★
oc13	
oc14	
oc15	
oc16	
oc17	
oc18	
oc19	
oc20	
oc21	
oclb	
ocm1	
ocmd	
ody	1..64 66..275 277..350
oe01	10★ 11★ 12★ 13★ 14★ 15★ 16★ 17★ 18★ 19★ 1★ 20★ 2★ 3★ 4★ 5★ 6★ 7★ 8★ 9★
ogw	1..183 184a
ohop	1..40
olep	
olgc	2015 2018..2019 2023 2016EU 2016NA 2017EU 2017NA 2018A 2018NA 2019A 2019NA 2020A 2020B 2020C 2021A 2021B 2021C 2022A 2022B 2022C 2023A 2023EU
om1	1..94 96..188 117†
omb	5 29 38
omic	
onc	1..21 24 26..27 32..33 35 42 63 99
one	1..48 50..226 228..266 272..276 278 282 284 286 289..292 294 297..300 302..303 305..306 308 311..317 320..324 330..332 334 336 338 340 344..364 370..374 394 404..406 412..413 415..417 422 427 430 432 434 439 441..442 444 450 454..455 461 464..465 467 469 471 473 267@ph 268@ph 269@ph 270@ph 271@ph 365@ph 366@ph 367@ph 368@ph 369@ph
ons	1..168 170..340 342..348 350 200★
opc2	1..40
opca	
ori	1..4 6..7 10..20 23..25 28..30 32..36 38..41 43..46 48..49 51..55 57..62 64 66..68 71..72 75..76 78..79 83..84 87..97 99..106 108 110..113 115 118..121 123..125 127..128 130..131 133..135 137 141..143 145..150 152..162 164..165 167..174 176 178..183 186..187 189..191 194 196..199 202..203 205..207 209..221 223 225 227 229..230 232 234..237 239..243 247 249 255 257..258 260 265..268 270..271
otc	1..8 10 12..27 29..31 33..34 36..40 45 47 64 68 71 127 169 171 225..226 250 267 287 294 308 326 340
otj	1..3 5..127 129..144 148..179 181..204 206..216 218..223 225..306 309 333 335..336 345 351 356 359 369 373..374
otp	1..34 36..38 40..49 51..60 63..65 74..75 77..79
ovnt	2003..2005 2014..2015 2018..2019 2016EU 2016NA 2017EU 2017NA 2018A 2018NA 2019A 2019NA 2020A 2020B 2020C 2021A 2021B 2021C 2022A 2022B 2022C 2023A 2023EU 2023NA
ovoc	
p02	1..99 101..150 152..153 156..158 161..163 165
p03	1..7
p04	2..6
p05	2..6
p06	2..7
p07	1..7
p08	1..2 4..7
p09	1..9
p10	1..9
p10e	
p11	1..5
p15a	1
p22	1..10
p23	2 6..10
p2hg	
p30a	1 8 12 20 23 26..27
p30h	1..5
p30m	1F★
p30t	1@ja 2@ja
p5dn	131★
p8ed	
p9ed	242★
pa1	
paer	48 75 93 175
pafr	
pakh	35 78 134 234
pal00	
pal01	
pal02	
pal03	1..8
pal04	1..14
pal05	1..8
pal06	1..9
pal99	3
pala	154★ A3
palp	1..15
pana	267..271
papc	100@sa
parb	53★ 70★ A4
parl	1..5 7
past	1..12
pavr	63 111 217★ 32★ 36★ A9
pbbd	
pbfz	2 31 50 57 107 123 127 151 181 188 198s 200s 202s 216s 26★ 57s
pbig	
pblb	
pbng	80 150 129★ 26★ 31★ 55★ 66★ 94★ 98★
pbok	122★ 71★
pbro	T1 T2
pc2	1 6 16 19 24 32 40 48 50 60 64 82 87..88 91 96 99 101 104..107 111 113 138..139 143..144
pca	147
pcbb	1..5
pcel	1..9
pchk	185★
pclb	
pcmd	
pcmp	3..12
pcmr	
pcns	48★
pcon	140★
pcsp	1 101★
pcy	1..2 4..143 60s@zhs
pd2	2 16
pd3	5 16
pdft	
pdgm	84 110 124★ 152★ 157★ 96★
pdis	140★ 141★
pdka	80 127 64★ 71★
pdmu	
pdom	60 76 81 168 182 204 249 33c@ja
pdp10	1
pdp12	1..3
pdp13	1..3
pdp14	1..3
pdp15	1..2
pdrc	1
pdsk	
pdst	139★
pdtk	96 162 201 212 214 223 226..228 214s
pdtp	1
pecl	
peld	
pelp	1..15
pemn	39 46 64 72 79 98 117 176 185 1Z 47★
peoe	
peve	139★ 157★
pewk	2022a 2022b 2023a 2023b 2024a 2024b 2025a 2025b 2026a 2026b
pexo	89
pf19	1..7
pf20	1..6
pf23	1..3
pf24	1..2
pf25	1..2 4..5 8..12 14 16..18 1F
pf26	1..3 6..7 9..17
pf27	1
pfdn	
pfin	
pfra	
pfrf	11 50 54 62 74 99 137..138 142 149★ 75s
pfut	122★ 87★
pgpt	142★ 144★
pgpx	2007..2011 2014..2018 2012a 2012b 2013a 2013b 2018a 2018b 2018c 2018d 2018f
pgrn	156 168 171
pgru	1..5
pgtc	163 209 133★ 152★ 162★ 165★ 191★ 201★ 222★ A11
ph17	1..3
ph18	1..4 4†
ph19	1..7
ph20	1..3
ph21	1..4
ph22	1..5
ph23	1..2
phel	1★
phop	P1
phou	2 83 109 129
phpr	1..5
phtr	1..3
phuk	9 12
pidw	1..17
piko	
pinv	
pio	9 37 68 84 86 89 110..111 172 175 213 242 277 291 315 340 349 365 368
pip	1 3 5..6 8 10..11 13 16..17 19..24 26..43 46 48..56 59 62 64 67..69 71 74..76 79..82 84..86 89..94 96..99 102..103 105..106 108..109 111..112 114..116 118..119 121..125 127..128 131 133..134 136..139 141..145 147..149 151 153..156 158..159 162..165 169..170 173..176 178..183 185 187..188 190 192..195 198..205 207..209 211 217 221 223 226 229 232..233 235..237 241..242 244..246 248..253 255 259 261 264..268 270 272 276 278 280..282 284..285 290..291 293..294 296..299 301 303..308 311 313..314 316..333 336..337 339..341 343 347..349 351 353..361 367 381..382 397 421 427 435 458 474 483 490..491 494 501 508 516 520 540 542..543 553 575 586 588..589 591 594 598 601 605 611 615..616 623 628..629 632 635 641 648 657 678 685 688..689 705 712 714 719 724..725 734 741..744 746..748 750 752 755 758..759 766..767 771 775 782 788 791 799 802..803 805 807 811 815..816 828 838 840 862..863 866 870 872..874 878 880 890 913 919 926 948 966 972 981..983 985 994 1003 1008 1010 1014 1017 1028 1033 1038 1041 1051 1055 1059..1060 1062..1063 1065 1067..1068
pisd	13 97 140 193★ 64★
pj21	1..10
pjas	
pjjt	
pjou	37 84 162 112★ 122★ 126★ 51★ 66★ 6★ 93★
pjsc	2025-1@ja 2025-2@ja 2026-1 2026-2
pjse	
pjud	11@he
pkhm	
pkld	62 80 130 151 200
pktk	134 144 164 166 179 193 195 204 210 219 108s 12s 13s 144s 154s 168s 174s 179s 182s 18s 193s 209s 66s 73s
pl21	3..4 1★ 2★
pl22	1..5
pl23	1..6
pl24	1..7
pl25	1..6
pl26	1..5
plc	1..22 24..31 33..114 116..147 149..150 152..160 162..165
plci	
plg20	1..2
plg21	C3 J1@ja J2@ja J3@ja
plg22	2
plg24	1 2J-b@ja 5J-b@ja
plg25	1..2
plgm	1..2
plgn	126
plny	1
plrw	139★ 244★ A2
pls	1..143 107★ 133★ 74★
plst	
pltc	
pltr	
pm10	118★ 166★ 16★
pm11	122★ 165★ 35★ A7
pm12	126★ 176★ 82★
pm13	118★ 140★ 177★ 217★ 221★ A10
pm14	141★ 185★ 215★ 21★ 48★ A12
pm15	28 47 68 100..101 145 162 191 194 176★
pm19	29 90..91 145 180 230 254
pm20	131 139 185 206 222p
pm21	
pmat	
pmbs	140★ 14★ 8★ 96★
pmda	1@ja 2@ja 3@ja 4@ja
pmei	1999-1 1999-2 2000-1 2000-4@ja 2000-5 2001-1 2009-1 2019-1@ja 2023-5@ja 2023-6 2023-7 2025-21 2025-22 2025-24 2025-3@ja 2026-13 2026-14 2026-15 2026-16 2026-18 2026-26 2026-3 2026-4 2026-6 2027-1
pmh1	3
pmh2	
pmh3	
pmic	
pmid	
pmkm	
pmmq	89
pmoa	1..2 5..9 14 17..18 27..31 33..34 36..97 104..108 61a
pmom	
pmor	143★
pmps	
pmps06	1@ja 3@ja 4@ja
pmps07	
pmps08	3@ja 4@ja 5@ja
pmps09	1@ja 2@ja 3@ja
pmps10	1@ja 2@ja 3@ja 4@ja
pmps11	1@ja 2@ja 4@ja 5@ja
pmrd	251★
pnat	2018
pncc	
pnem	
pneo	
pnph	151 42★ 73★ 74★
pody	276@ar
pogw	3 20 29 43 68 110 119 132 155
pone	
pons	169
por	1..5 7..37 39..66 68..92 94..202 204 206..211 107s@zhs 114s@zhs 117s@zhs 134s@zhs 164s@zhs 166s@zhs 196s@zhs 197s@zhs 198s@zhs 199s@zhs 200s@zhs 201s@zhs 202s@zhs 203s@zhs 208s@zhs 209s@zhs 210s@zhs 211s@zhs 212s@zhs 213s@zhs 214s@zhs 215s@zhs 30s@zhs 38† 57s@zhs 66s@zhs 67d 6d 71s@zhs 80s@zhs 93d
pori	19 29 43 64 104 157 171..172 193★
potj	
ppc1	1
ppcy	3
pplc	151★ 161★
ppls	
ppp1	1 3 5
ppro	2007..2011 2015..2019 2020-3 2022-3 2025-1 2025-3 2026-1
pptk	115b
pr2	3..8
pr23	1..3
prav	245★ 247★
prcq	1..3
pred	
prix	53 94 130 177 186
prm	26584 35054 40042 40046 40050 40054 40060 40094 40100 43507 43606 43610 43642 43644 46920 46936 46938 46948 46950 55896 58241 59655 59683 60450 61056 61058 61060 61062 61567 62221 62381 62383 62407 62411 62413 62415 62417 62421 62423 62429 62431 62433 62439 62443 62445 62447 62449 62453 62455 62457 62467 62469 62471 62473 62475 62479 62481 62483 62485 62487 62493 62495 62497 62501 62503 62531 62533 62535 65642 65644 65646 65648 65650 65652 65654 65656 66898 69242 69262 69264 69266 69268 69945 69947 69979 69981 69983 69985 69987 69989 69991 70944 72297 72299 72301 72303 72305 72307 72309 72311 72313 72315 72890 73630 73634 88296 91241 95465 95469 95471 95473 95475 95477 95479 95481 99665 99667 99669 99671 105856
prna	178 189 192 197 207 232
proe	112★ 156★ 4★
prtr	158 212 214 120★ 142★ 147★ 152★ 170★ 201★ 240★
prw2	B02 B03 B04 B05 B06 B07 B08 B09 B10
prwk	A07
ps11	
ps14	1 62 103 134 187 210
ps15	23 60 106 135 189
ps16	29 69 93 104 138
ps17	14 69 97 110 140 204
ps18	14 60 106 110 163
ps19	16 53 92 163 207
psal	
pscg	
psdc	102★ 132★ 172★ 1★ 60★
psdg	10@ja 1@ja 2@ja 3@ja 4@ja 5@ja 6@ja 7@ja 8@ja 9@ja
pshm	183★ 222★
psnc	
psoi	2 15 75 108 122 157 166 175 230 242
psok	18★ 99★
psom	205★ 223★ 69★ A8
psos	
pspl	1..3 5..13
pspm	
pss1	
pss2	
pss3	1..5
pss4	1..5
pss5	1..2
pssc	1..10
psth	68
pstx	
psus	8 11..13 15..18
psvc	
ptbro	1..3
ptc	
ptdm	
ptdmu	1..3
ptg	1..3
pthb	
pths	26 98 160 120★ 149★ 180★ 3★ 42★ 63★ 75★
ptk	1..14 16..31 33..114 116..169 171..172 176 178
ptkdf	135 138 187 248
ptla	
ptmp	221
ptor	
ptsnc	1..6
ptsp	179★ 259★
ptsr	
puds	6
pulg	122
puma	U12 U13 U15 U16 U17 U19 U26 U31 U35 U40 U7 U9
punh	117★
punk	
purl	2..5 7..8 23 324 445 2025-1@de 2025-3 2025-4 2025-5 2026-1
pusg	202
pust	108
pvan	101..108 201..205 207..208 301..308 401..408
pvow	
pw11	80 83..84
pw12	79 81..82
pw21	5..6
pw22	5@ph
pw23	6..8
pw24	1..5 7..8 11..12 19
pw25	2..4 10..17
pw26	3 5..7 10..20 23 4@ja
pwar	41 79 98 171 193 223 248 249s
pwcs	2021-1@ja 2021-2@ja 2021-3@ja 2021-4@ja 2021-5@ja 2021-6@ja 2022-1@ja 2022-2@ja 2022-3@ja 2022-4@ja 2022-5@ja 2022-6@ja 2023-1@ja 2023-2@ja 2023-3@ja 2023-4@ja 2024-01@ja 2024-02@ja 2024-03@ja 2024-05@ja 2024-06@ja 2024-07@ja 2024-08@ja 2024-09@ja 2025-1@ja 2025-2@ja 2025-3@ja 2025-4@ja 2025-5@ja 2025-6@ja 2026-05@ja 2026-1@ja 2026-2@ja 2026-3@ja 2026-4@ja 2026-6@ja
pwoe	
pwor	2019
pwos	
pwwk	133 106★ 76★ A6
pxln	5 130 135 185 258
pxtc	22 74 90 173 191 234..235 243 249..250
pz1	81
pz2	65827 65829 65831 65833 65835 65837 65839
pza	1..20
pzen	178★ 228★ 9★
pznr	
q06	
q07	T12
rav	1..231 233..244 246..306
ren	
rex	1..3 5..9 11..26 30 35
rfin	J1@ja J2@ja
rin	
rix	1..10 12..18 20..48 50..124 126..189 192..205
rna	1..177 179..191 193..246 248..273
roe	1..97 99..215 217..237 239..241 243..248
rqs	
rtr	1..52 54..105 107..157 159..162 164..171 173..175 177..253 255..256 260..262 265..268 270..273
rvr	13 21 24..25 40 74 82 94 108 165 168 173 203 220 239 245 306 310 323 381 388 416..446 457
s00	43
s99	1 11 14..15 20 24..25 30 50 54 59 70..71 79 89 91 93 99..100 106 119..120 139 141 143 152 171 173
sbro	1
scd	1..5 19 69 90 146 233
scg	1..73 75..96 98..117 119..143
sch	1..22 24..53 23e
sds	11
shm	1..13 15..221 223..301
sir	32 44 62 104 157 186 223
sis	65
skhm	1..9
slc	1..27 1993..2023
slci	1
sld	1..45 51..62 68..174 178 185..208 214..253 259..263 268..435 441..536 538..539 581..584 587..591 593 595..601 603..609 669..688 690..701 704..711 713..725 727..728 730..741 744 750 752 754..758 791..794 797..811 813..828 863..880 884..896 900 902..910 912..918 922..924 1001..1011 1013..1018 1020..1117 1122..1157 1160..1202 1211..1258 1262..1341 1352..1386 1389..1435 1440..1553 1557..1676 1678..1692 1694..1811 1816..1835 1851 1854..1880 1887..1909 1911..1943 1945..1974 1980..2031 2039 2042..2043 2045..2048 2050..2051 2054 2057..2111 2116..2132 2138..2147 2165..2230 2236..2254 2278..2325 2346..2381 2396..2422 2424..2426 2429..2442 2444 2447..2472 2478..2528 2534..2571 2577..2582 2589..2599 2611..2626 2648..2704 2759..2794 2801..2851 2867..2871 2883..2891 7001..7009 7011..7022 7027..7037 7039..7055 7062..7066 7070..7077 7081..7083 7093..7115 7117..7129 7161..7162 7164..7172 7180..7191 8001 9990..9999 1012a 1012b 1336b 1693@it 436@ja 437@ja 438@ja 439@ja 440@ja 46@ja 47@ja 48@ja 49@ja 50@ja 63@ja 64@ja 65@ja 66@ja 67@ja 7056@ja 790★ 795★ 796★ IFIYW-1 IFIYW-10 IFIYW-2 IFIYW-3 IFIYW-4 IFIYW-5 IFIYW-6 IFIYW-7 IFIYW-8 IFIYW-9 VS
slp	1..57
slu	1..5 11..20 504
slx	1..30
slz	1..363
smh3	1
smid	1..9
smom	1
snc	1..9 11..21 23 25..41 43..45 47..55 57..62 64..71 73..92 94..108 110..115 117..125 127..144 146..164 167..210 212..239 241..245 247..320 322..323 325..342 344..345 347..348 350..359 386 389 406 408..409 411..414 419..420 424 426..427 430 432..433 437 439..440 443 446 449..450 461..462 468 451@zhs 452@zht 453@de 454@fr 455@it 456@ja 457@ko 458@pt 459@ru 460@es
sneo	1..9
soa	1..65 100@ja 101@ja 102@ja 103@ja 104@ja 105@ja 106@ja 107@ja 108@ja 109@ja 110@ja 111@ja 112@ja 113@ja 114@ja 115@ja 116@ja 117@ja 118@ja 119@ja 120@ja 121@ja 122@ja 123@ja 124@ja 125@ja 126@ja 127@ja 128@ja 129@ja 130@ja 139@ja 66@ja 67@ja 68@ja 69@ja 70@ja 71@ja 72@ja 73@ja 75@ja 76@ja 77@ja 78@ja 79@ja 80@ja 81@ja 82@ja 83@ja 84@ja 85@ja 86@ja 87@ja 88@ja 89@ja 90@ja 91@ja 92@ja 93@ja 94@ja 95@ja 96@ja 97@ja 98@ja 99@ja
soc	1..60 109..130 427..432
soi	1..15 17..44 46 48..51 53..78 80..81 83..105 107..139 141..205 207..297
sok	1..98 100..139 141..165
som	1..12 14..21 23..143 145..207 209..222 224..230 232..249
sos	1..66 68..306 322 368
spe	1..26
spg	1..44 46 48 50 52 54..93 104..168 158a 17a 17b 17c 17d 17e 17f
spm	1..7 9..32 34..73 75..243 246 250 259 284..286
ss1	2..3 5..8
ss2	2..8
ss3	3..7
sstx	1..9
sta	1..63 100@ja 101@ja 102@ja 103@ja 104@ja 105@ja 106@ja 107@ja 108@ja 109@ja 110@ja 111@ja 112@ja 113@ja 114@ja 115@ja 116@ja 117@ja 118@ja 119@ja 120@ja 121@ja 122@ja 123@ja 124@ja 125@ja 126@ja 64@ja 65@ja 66@ja 67@ja 68@ja 69@ja 70@ja 71@ja 72@ja 73@ja 74@ja 75@ja 76@ja 77@ja 78@ja 79@ja 80@ja 81@ja 82@ja 83@ja 84@ja 85@ja 86@ja 87@ja 88@ja 89@ja 90@ja 91@ja 92@ja 93@ja 94@ja 95@ja 96@ja 97@ja 98@ja 99@ja
sth	1..67 69..120 122..143
stx	1..4 6 8..13 15..19 21..26 28..81 83..150 152..166 168..180 182..187 189..224 226..245 247..285 287..288 290 292 305 325 335 342 355 366..378 381
sum	88
sunf	1..48
svow	1..9
sznr	1..9
t10e	1..6
t2x2	23
t2xm	2 31
t30a	1..6 8..16
t40k	1..23
ta25	10 14..15 5★
tacr	1..6 8
taer	1..4
tafc	3 9..10
tafr	1..13 15..19
takh	1..15 17..25
tala	1..10
tarb	1..4
tavr	1..4 7..8
tbbd	7..8
tbfz	1..7 9..14
tbig	1..7
tblb	1..30
tblc	10..11 16 18 20 22..23 29 37
tbng	1..11
tbot	1..2
tbrc	8..9 11..12
tbro	1..12
tbth	1..15
tc14	5 8 10..11 15 18 21 23 25 30 34..36
tc15	4 11 13 17 21 23
tc16	2 12
tc17	3..4 8..9
tc18	4 7 10 12 14 16 20
tc19	2 7..8 16 18 24
tc20	3 12 16
tc21	7..8 15 23..27
tclb	2 4 7..8 12..14 16 18..20 24 31 39 41
tcm2	14
tcma	18
tcmm	25 38 44 57 60 67..68 71
tcmr	4 7 11 14
tcn2	1 3 5..6 8..9 11..12
tcns	1..2 4..6 8..9
tcon	1..2
td0	A149 A151 A154
td2	42..43 46 84..85
tdag	1..15
tdc	1..50 91..101 103..107
tdd1	
tdd2	
tddc	1 3
tddd	
tdde	1..3
tddf	
tddg	
tddh	1
tddi	1..2
tddj	
tddk	
tddl	1..2
tddm	
tdds	
tddt	1
tddu	
tdft	1..14
tdgm	1
tdka	1..3
tdm	1..25 27..93 95..101 103..141 143..408 419..420 422..426
tdmc	1 12
tdmr	3..4 12
tdmu	2..12 14..16 18..23 25..26
tdom	1..16
tdrc	3 16
tdsc	1 5 7..8 19 23
tdsk	1..16 18
tdtk	1..6 8
tdvd	
te01	3
tecc	1 11
tecl	1..13
teld	1..20
tema	1 4..5 7 15
temn	1..10
teoc	1 3..4 6
teoe	1..10
teve	1..7
tevg	1
tfdc	
tfdn	1 4 12..13 24 27
tfic	1..11
tfin	3 5..8 10..14 16..26 28 33 35
tfra	1..14 16..18
tfrc	1 12..13 15 17
tfrf	1..4
tfth	1..15
tgk1	1..6 8..11
tgk2	1..2 6 8
tgn2	
tgn3	
tgrn	1..8
tgtc	1..8
tgvl	
thb	1..3 5..23 25..33 35..36 38..116 118..158 160..208 210..221 223..246 248..297 301..302 316 333 341 350 352 356
thob	1..15
thou	1..12
thp1	2..3 1a 1b 1c 1d 1e
thp2	5..6 4a 4b 4c 4d 4e
thp3	8..9 7a 7b 7c 7d 7e
ths	1 3..127 129..130 132..173 175..185 187..191 193..229 231 233..235 237..247 249
tiko	1..13
tima	
tinr	18 25..26
tisd	1..11
tjou	1..6
tjvc	
tkhc	6
tkhm	1..22
tkld	1..6 9..12
tktk	1..13
tla	1..22 24..239 241..275 277..363 366 383 391 393..394
tlcc	1 6 10 17
tlci	1..18
tle	1..170 210..218 220..264 274 305..317
tlrw	1..11
tltc	1..15
tltr	1..12 H13
tm10	3 6 8
tm11	2 5..6
tm12	6
tm13	1..3 6 9 11
tm14	1..2 6..8 13
tm15	3..5 10..14
tm19	1..3 5 8 10..12 15..17 CH1
tm20	1 4..5 9..12
tm21	8..9 11 13 16..20
tm3c	2 9 12 22
tmbs	2..3 5
tmc	1..98 100..111 113..115 117..122 124..136
tmd1	
tmed	G4 G5 G6 G7 G8 R2 R3 R4 R5 W2 W3
tmh1	1 20..21
tmh2	2 4..5 9 12..13 15..16 18 21
tmh3	4..6 8..9 12 15 17..20 22..25 30..31 35..36 45
tmic	
tmid	1..19
tmkc	21..22 28
tmkm	1..17 19..22
tmm2	6 8
tmm3	3
tmma	1 4..7 13 16
tmoc	19 22 25 29 35
tmom	1..17 19..22
tmor	1..3
tmp	1..220 222..331 333..334 336 338..339 341..343 345 347 350
tmsc	1..16 32
tmsh	1..22
tmt	1..191 193..257 281 283..286 288..290 292 297 301..304 306 315..320
tmul	1
tnau	
tncc	3 34
tnec	1 6 12
tneo	1..19
tnph	1..4
togw	1..3 7..10
tonc	16 18
tone	1..13
tor	1..143
tori	7..8 10..14
totc	13 20 30..41
totj	1..18 20
totp	
tpca	1 14
tpip	1..22
tpr	251 254 259 265 267
trc	78 85 132..133 137..142 145..148 151..153 161..163 165..166 168 172..173 175 177 192..201 579..580 582
trex	1..2
trix	1..2 4..6
trk	1 5 8 12..13 15 17 19 22 29 33..36 38 50..51 54 59..60 62 64..65 72 76 87 92..95 97 99 105 109 111 114..115 117 121 124..127 138 141..142 144 152 154 156 158 161 163..164 168 172 183 187 189..190 192 195 199 203 207..208 213 216 218 224..225 228 252 262 273 278..279 285..286 289 295 298..299 301 306 317..326 340 343 366 399 415 417..418 427 478 487..493 495..496 520 557 1701 1704
trna	1..5 7..13
troe	2..5 1a 1b 1c
trtr	1..12
trvr	12 15 19
tsb	47 49
tscd	14
tshm	1..12
tsnc	2..17
tsoc	3 19..23 25
tsoi	1..18
tsom	1..9
tsos	1..13
tsp	1..39 41..178 180..279 281..285 287..301
tspm	1..7
tsr	4 9 27 61 73 88 125 141 175 178 190 229 260 263
tstx	1..9
ttdc	2 7
ttdm	1..16
tthb	1..14
tths	1..9 11
ttla	1..22
ttle	1..2
ttmc	1..3 5..7 9..15 19 26..31
ttmt	1..10
ttrk	1
ttsr	2..5 7..8 11..12 14..15
tugl	89..94
tuma	1 7
tund	1 5
tunf	1..14
tust	1..15 17..20
tvoc	3
tvow	1 3..4 6..13 15..20
twar	1..19
twho	1..31
twoc	1..2 12
twoe	1..18
twwk	1..6
txln	1..10
tzen	1..11
tznc	
tznr	1..12
uds	1..5 7..143
ugin	1 19 24 26 30 36 46 48 59 68 73 85 88 96..98 113 123 129 131 146 161 164 216..217 220
ugl	1..88
ulg	1..121 123..143
ulst	
uma	8 16 35 37 46 55 57..59 80 93 100 108 115..116 132 134 136 143 146 162 165 167 171 176 190 205 209 214 220 223 231..234 247..248
und	4 14..16 18 23 27 31..32 40 47 49 57 68 70 72..73 86..96
unf	2..6 8..11 13 15 17..19 21..25 27..30 32..37 42..43 45..46 49..51 54 56 58..61 63 65..70 74 76 78 80..83 85..89 92..100 102 104..105 110..113 116..122 124..129 132..134 136..145 147..149 154..155 159..160 162..165 169..177 179 181..188 190..192 196 198..199 210 235..246 249..252 254..256 258 260..261 263 266..268 270..271 277..287 293 298 300 302 306 312 317 324..327 330 333..334 338..339 341 343 348 350 357..359 361 363 365 370 376..377 387 389 392 394..395 400..401 409 416..417 421 432 436..439 442..444 447 452..454 464 466 475 479..481 483 498..499 504 508 510 513 515..516 520 523..527 538 107m 200a 201a 202f 203b 204d 205b 206d 207a 208d 209a 211d 212c 213b 214a 215c 216a 217a 218a 219d 220a 221a 222b 223a 224b 225d 226a 226b 226c 226d 226e 226f 227a 228a 229b 230a 230b 230c 230d 230e 230f 231b 232b 233f 234a
unh	1..116 118..141 48★ 4★
unk	RL01c
usg	1..99 101..201 203..320 322..330 333..337 340 342 346..350 119s@zhs 130s@zhs 139s@zhs 142s@zhs 163s@zhs 164s@zhs 187s@zhs
ust	1..2 4..11 13..40 42..48 50..53 55..66 68..81 83..92 94..97 99..102 104..112 114..144 146 148..162 164 166..216 103a 103b 103c 103d 113a 12a 145a 147a 165a 165b 165c 165d 165e 3a 3b 3c 3d 41a 49a 49b 54a 54b 54c 54d 67a 67d 82f 98a 98b 98c 98d
v09	1..3 5 9 11 13..14
v10	1..4 7 10..12 14..15
v11	4..6 9..11 13 15
v12	3 5..8 10 12
v13	3..5 8 10..12 15 17
v14	1 3 6 15
v15	1..2 8..10 14
v16	2 8..9
v17	7 9 11
vis	1..14 16..38 40..55 57..64 66..70 72 74 76..94 96..99 102 104..109 111..167
vma	1..9 27 58 77..78 96 99 126 159 171 203 208..209 224 258 265 271 274 281..282 285 287 291 293..294 297 301..303 305 308 311 313 317 321..324
voc	2..6 8..9 11..13 16..21 23..24 26 28 30 32 39 43 45 48 52..53 56 60 63 65 67 69 71..76 99 134 154
vow	1..49 51..67 69..71 73..111 113..123 125..151 153 155..186 189..196 198..200 202..218 220..257 259..262 264..266 268..345 356 361 364 373 377 384 387 389 396..404 406..407
w16	
w17	
war	1..40 42..170 172..192 194..248 250..268 270..273 275 100★@ja 119★@ja 135★@ja 13★@ja 143★@ja 146★@ja 150★@ja 164★@ja 169★@ja 180★@ja 184★@ja 191★@ja 1★@ja 207★@ja 211★@ja 217★@ja 220★@ja 221★@ja 227★@ja 228★@ja 229★@ja 230★@ja 231★@ja 232★@ja 233★@ja 234★@ja 235★@ja 236★@ja 2★@ja 32★@ja 37★@ja 54★@ja 56★@ja 61★@ja 83★@ja 97★@ja
wc00	
wc01	
wc02	
wc03	
wc04	
wc97	
wc98	
wc99	
wdmu	1@ja 2@ja 3@ja 4@ja 5@ja
wfin	1..3
who	2..3 5 9..16 18..19 21..24 26..30 32..33 35..37 39 41..42 46 48..49 51..52 54..56 58..61 63..68 72..73 75 79 81..83 85..87 89 91..96 98..101 103..108 110..115 118..125 127..130 132..134 138..139 141 148..150 156..157 161..162 164 166 168..175 178..179 184..190 196..207 209..215 217..219 223 225 227 229..235 238..261 263..267 272..276 278 280..281 284..287 290 292..293 296 299 301..302 309 311 318..321 323..328 330..331 340 347 355 360 374 377 379 384 392 395 399 407 412 419 421 431 436 439 442..443 448 450 457..459 474 496 504 507 509..510 514 516 522 524 535..542 544 546..547 549..605 622 630 636 639 645 648 652 655 658 662 667 674..675 682..683 685 693 695 702 721 736 741 745 747 749..752 756 758..759 765 768 772 786..788 796 799 811..813 815 819 828 859..860 868 880 882 886 891 894 898..899 901 904 913 950 958 995 1017 1061 1068 1076 1079..1080 1089..1090 1106 1116..1118 1123 1134 1136 1139
wmc	2013..2017
wmkm	
wmom	10@ja 11@ja 12@ja 1@ja 2@ja 3@ja 4@ja 5@ja 6@ja 7@ja 8@ja 9@ja
woc	1..21 24 30..31 33 35 38 40 69..70 143 166
woe	1..33 35..41 43..86 88 90..112 114..128 130..131 133..145 147..149 151..168 170..183 185..203 205..218 220..251 253..308 310 312..314 316..322 328 330 337 344 346..347 351 353 356 358 362 365 369..372 377 380..381
wone	1@ja 2@ja 3@ja 4@ja 5@ja 6@ja
wot	1..64 66..72 74..78 80..83 85 93 99
wth	1..58 60..115 117..167
wwk	1..114 116..145
wwoe	2@ja
xana	26 31 35 40
xln	1..257 259..289
yblb	1..30
ybro	1..30
ydft	1..30
ydmu	1..30
ydsk	1..30
yecl	1..30
yeoe	1..30
yfra	
ylci	1..30
ymid	1..63
ymkm	1..30
yneo	1..30
yone	1..30
yotj	1..30
ysnc	1..30
ysos	1..30
ytdm	1..30
ywoe	1..30
zen	1..11 13..21 24..76 78..97 99..157 159..229 231..232 234 236 239 241 243..244 246 248 233a 235a 237a 238a 240a 242a 245a 247a 249a
znc	1..6 134..135
zne	1..30
znr	1..3 5..22 24..197 199..219 221..224 226..244 246..313 315 318 361 365 367 375 385..386 288†
